cache_1022872.jpg	aqua-tots	aqua-tots-exterior-before-renovation	Former retail storefront before the Aqua-Tots Swim School build-out	own
cache_1022873.jpg	aqua-tots	aqua-tots-exterior-after-renovation	Completed Aqua-Tots Swim School storefront after the build-out	own
cache_1022896.jpg	aqua-tots	aqua-tots-curved-soffit-framing	Curved metal-stud framing for a decorative ceiling soffit during construction	own
cache_1022897.jpg	aqua-tots	aqua-tots-curved-soffit-finished	Finished blue curved soffit above a yellow lobby wall	own
cache_1022901.jpg	aqua-tots	aqua-tots-soffit-framing-overhead	Overhead view of curved soffit framing hung from the deck	own
cache_1022902.jpg	aqua-tots	aqua-tots-soffit-acoustical-ceiling	Curved blue soffit integrated with an acoustical ceiling grid and lighting	own
cache_1022913.jpg	aqua-tots	aqua-tots-drum-soffit-framing	Circular drum soffit framing during drywall installation	own
cache_1022914.jpg	aqua-tots	aqua-tots-lobby-reception-finished	Finished Aqua-Tots lobby and reception desk with circular drum soffit	own
cache_1022920.jpg	aqua-tots	aqua-tots-drum-soffit-steel-frame	Circular light-gauge steel frame for a suspended drum soffit	own
cache_1022921.jpg	aqua-tots	aqua-tots-drum-soffit-finished	Finished blue drum soffit with pendant lights over the lobby	own
cache_1022953.jpg	aqua-tots	aqua-tots-ribbon-soffit-finished	Finished ribbon-shaped soffit running through the lobby ceiling	own
cache_1022954.jpg	aqua-tots	aqua-tots-ribbon-soffit-drywall	Ribbon soffit after drywall, before paint	own
cache_590191.jpg	aqua-tots	aqua-tots-pool-during-construction	Swim school pool area during construction	own
cache_590192.jpg	aqua-tots	aqua-tots-pool-completed	Completed swim school pool with lane lines and pennant flags	own
cache_494361.jpg	aqua-tots	aqua-tots-brick-storefront	Aqua-Tots Swim Schools brick storefront	own
cache_2389467.jpg	aqua-tots	aqua-tots-pool-mural	Indoor teaching pool with underwater-themed wall mural	confirm-rights
cache_2389468.jpg	aqua-tots	aqua-tots-lobby-viewing-area	Lobby and parent viewing area overlooking the pool	confirm-rights
cache_2389469.jpg	aqua-tots	aqua-tots-viewing-window-seating	Parent seating along the glass viewing wall	confirm-rights
cache_2389470.jpg	aqua-tots	aqua-tots-viewing-gallery-watermarked	Viewing gallery and pool (third-party watermark: Metro Detroit Mommy)	do-not-use
cache_2389471.jpg	aqua-tots	aqua-tots-locker-room-cubbies	Changing area with cubbies and benches	confirm-rights
cache_2389472.jpg	menchies	-	duplicate of cache_494310	skip
cache_494310.jpg	menchies	menchies-storefront-exterior	Menchie's Frozen Yogurt storefront at dusk	own
cache_2389473.png	menchies	menchies-yogurt-bar-counter	Menchie's yogurt bar and curved checkout counter	confirm-rights
cache_2389474.jpg	menchies	menchies-yogurt-bar-wall	Self-serve yogurt bar wall with mosaic tile and branded bulkhead	own
cache_2389475.jpg	menchies	menchies-mosaic-tile-wall	Green mosaic tile wall below a curved branded bulkhead	own
cache_2389476.jpg	menchies	menchies-yogurt-bar-kiosk	Yogurt bar with self-serve machines and ordering kiosk	own
cache_2389477.jpg	menchies	menchies-curved-bulkhead	Curved bulkhead and tile wall along the yogurt bar	own
cache_2389478.png	menchies	menchies-yogurt-bar-dispensers	Row of self-serve yogurt dispensers under the yogurt bar sign	confirm-rights
cache_2389479.jpg	menchies	menchies-checkout-counter-staff	Menchie's checkout counter with staff	confirm-rights
cache_2389480.jpg	menchies	menchies-restroom-door	Restroom door and hardware set in a painted accent wall	own
cache_590279.jpg	menchies	-	duplicate of cache_2389476	skip
cache_590359.png	menchies	-	duplicate of cache_2389473	skip
cache_662790.jpg	menchies	menchies-tile-wall-during-construction	Mosaic tile wall and service windows during construction	own
cache_2389481.jpg	nkd-pizza	nkd-pizza-storefront-drive-thru	NKD Pizza storefront with stone pilaster and drive-thru signage	own
cache_590341.jpg	nkd-pizza	-	duplicate of cache_2389481	skip
cache_332381.jpg	nkd-pizza	-	cropped duplicate of cache_2389481	skip
cache_2389482.jpg	nkd-pizza	nkd-pizza-dining-room	NKD Pizza dining area with polished concrete floor	own
cache_2389483.jpg	nkd-pizza	nkd-pizza-stainless-kitchen	Stainless steel prep line in the NKD Pizza kitchen	own
cache_2389484.jpg	nkd-pizza	nkd-pizza-order-counter	NKD Pizza order counter with menu boards	own
cache_2389485.jpg	nkd-pizza	nkd-pizza-counter-seating	Order counter and stools in the NKD Pizza dining room	own
cache_2389486.jpg	nkd-pizza	nkd-pizza-feature-wall	Feature wall with brand typography at NKD Pizza	own
cache_662926.jpg	public-sector	public-office-service-counter-millwork	Government office service counters with wood millwork	own
cache_662927.JPG	public-sector	public-office-transaction-window	Public service transaction window with glazing and wood counter	own
cache_662928.JPG	public-sector	public-office-open-floor-carpet	Open office floor with carpet tile and acoustical ceiling	own
cache_662929.JPG	public-sector	public-office-corridor-drinking-fountain	Corridor with accent wall, drinking fountains and wood door	own
cache_662930.JPG	public-sector	public-office-corridor	Long office corridor with carpet tile and wood doors	own
cache_662931.JPG	public-sector	public-office-operable-partition	Operable partition and doors in a public office space	own
cache_662932.JPG	public-sector	public-office-restroom-partition	Restroom with toilet partition and grab bar	own
cache_662933.JPG	public-sector	dhs-office-building-exterior	Completed single-story brick office building for a state agency	own
cache_661439.JPG	public-sector	-	duplicate of cache_662933	skip
cache_495668.jpg	public-sector	dhs-office-sign	State of Michigan Department of Human Services building sign	own-too-small
cache_662786.jpg	carpentry	curved-drywall-soffit-taped	Curved drywall soffit taped and mudded	own
cache_662787.jpg	carpentry	drywall-taped-open-space	Tenant space with drywall taped and ceiling grid in progress	own
cache_662788.jpg	carpentry	curved-drywall-wall	Curved drywall wall with framed service windows	own
cache_662789.jpg	carpentry	acoustical-ceiling-grid-install	Acoustical ceiling grid being installed above finished drywall	own
cache_662791.jpg	carpentry	steel-stud-exterior-framing	Light-gauge steel exterior wall framing on a new retail building	own
cache_662792.jpg	carpentry	retail-building-masonry-progress	New retail building with masonry going up and scaffolding	own
cache_662793.jpg	carpentry	retail-building-masonry-complete	Retail building shell with masonry complete	own
cache_662794.jpg	carpentry	interior-steel-stud-partitions	Interior steel-stud partitions framed inside a building shell	own
cache_662795.jpg	carpentry	restroom-framing-blocking	Restroom wall framing with blocking and rough plumbing	own
cache_662796.jpg	carpentry	curved-wall-framing-sheathing	Curved wall framing with wood sheathing	own
cache_662797.jpg	carpentry	steel-framing-high-walls	Tall steel-stud walls framed to the deck	own
cache_662798.jpg	carpentry	interior-framing-blocking	Interior framing with wood blocking for casework	own
cache_662799.jpg	carpentry	steel-stud-building-corner	Corner of a new building framed in light-gauge steel	own
cache_662800.JPG	carpentry	open-web-joist-roof-structure	Open-web steel joists and deck in a new retail shell	own
cache_662801.JPG	carpentry	retail-shell-roof-joists	Retail shell interior with joists and wood blocking	own
cache_662802.JPG	carpentry	steel-stud-corridor-framing	Narrow chase framed with light-gauge steel studs	own
cache_662803.JPG	carpentry	door-opening-framing	Steel-stud partitions with framed door openings	own
cache_662804.JPG	carpentry	steel-stud-facade-framing	Facade of a multi-tenant building framed in steel studs	own
cache_662805.JPG	carpentry	exterior-sheathing-housewrap	Exterior wall sheathing with housewrap and window openings	own
cache_662806.JPG	carpentry	multi-tenant-exterior-framing	Multi-tenant building exterior framing with scissor lift	own
cache_662807.JPG	carpentry	multi-tenant-exterior-framing-wide	Wide view of multi-tenant building exterior framing	own
cache_662808.JPG	carpentry	building-shell-framing-site	Building shell framing with boom lift on site	own
cache_507808.jpg	carpentry	steel-stud-exterior-wall-sheathing	Steel-stud exterior wall with orange sheathing and window openings	own
cache_507809.jpg	carpentry	new-building-exterior-site-work	New masonry building with site work underway	own
cache_590277.jpg	carpentry	restroom-framing-ductwork	Restroom wall framing with blocking and ductwork overhead	own
cache_590278.jpg	carpentry	drywall-finishing-storefront	Drywall finishing in a storefront tenant space	own
cache_493665.jpg	more-projects	gymnasium-maple-floor	Gymnasium with maple sport floor and basketball goals	own
cache_493666.jpg	more-projects	gymnasium-ceiling-lighting	Gymnasium ceiling with lighting and ductwork	own
cache_493667.jpg	more-projects	cafe-seating-area	Café seating area with banquette and bistro tables	own
logo.png	brand	meridian-logo-legacy	Meridian Construction Companies logo (legacy raster)	logo
